Latitude,Longitude,Class,ClassCode
25.51621083,78.5244051,Wheat,1
25.51912338,78.52209739,Wheat,1
25.52417826,78.51945307,Settlements,7
25.52377677,78.51469953,Barren Land,8
25.52287666,78.5137108,Wheat,1
25.52431501,78.51268284,Wheat,1
25.52406178,78.50962278,Wheat,1
25.52500847,78.50591864,Wheat,1
25.52610461,78.50492086,Wheat,1
25.52611913,78.50159694,Wheat,1
25.52530406,78.50145243,Wheat,1
25.5257358,78.4966268,Wheat,1
25.52567589,78.49585131,Wheat,1
25.52642017,78.49262495,Wheat,1
25.52668762,78.48809503,Wheat,1
25.52820519,78.48918602,Wheat,1
25.52680168,78.4847996,Wheat,1
25.52482693,78.48203324,Wheat,1
25.52394711,78.48223105,Wheat,1
25.5213091,78.47948648,Wheat,1
25.52027857,78.4800769,Wheat,1
25.51771038,78.47877402,Wheat,1
25.51542565,78.47782183,Wheat,1
25.50859812,78.47365905,Water,11
25.51058856,78.473996,Water,11
25.50653986,78.47438559,Settlements,7
25.50456781,78.47441744,Wheat,1
25.50461713,78.47360875,Settlements,7
25.49830314,78.47185593,Wheat,1
25.49777719,78.47312864,Wheat,1
25.49549601,78.47111095,Wheat,1
25.49203482,78.47107206,Wheat,1
25.48821701,78.46845724,Wheat,1
25.48853751,78.46817762,Wheat,1
25.48890855,78.46858062,Wheat,1
25.48505009,78.4687848,Wheat,1
25.48029744,78.46625917,Wheat,1
25.47714181,78.46687105,Wheat,1
25.47580762,78.46473299,Wheat,1
25.47380661,78.46428774,Wheat,1
25.46482906,78.46532442,Wheat,1
25.4588947,78.46290741,Settlements,7
25.45867463,78.46490029,Settlements,7
25.45566586,78.46163437,Barren Land,8
25.45062899,78.45328163,Wheat,1
25.4474856,78.44550356,Wheat,1
25.4463294,78.4459535,Wheat,1
25.44641871,78.44305538,Wheat,1
25.44462945,78.44368603,Wheat,1
25.44310143,78.4403212,Wheat,1
25.44344264,78.43843125,Wheat,1
25.44187162,78.43779892,Wheat,1
25.44314927,78.43627945,Wheat,1
25.44150165,78.43184844,Mustard,2
25.43980586,78.43136597,Wheat,1
25.43973532,78.42242952,Wheat,1
25.43801438,78.42207782,Wheat,1
25.43858964,78.4174205,Wheat,1
25.43714028,78.41807228,Wheat,1
25.43585681,78.41632079,Wheat,1
25.43379943,78.41030426,Wheat,1
25.42663146,78.39718927,Wheat,1
25.42062679,78.39208134,Wheat,1
25.42068341,78.39033823,Wheat,1
25.41379933,78.38553742,Wheat,1
25.41126187,78.38527858,Wheat,1
25.40782188,78.38377051,Wheat,1
25.40829493,78.38681985,Wheat,1
25.4065914,78.38754471,Wheat,1
25.40542512,78.39219868,Wheat,1
25.40180749,78.39466598,Wheat,1
25.39720511,78.39688048,Wheat,1
25.3962144,78.39599401,Wheat,1
25.39164028,78.39885157,Wheat,1
25.39053413,78.40192303,Wheat,1
25.38774932,78.4051276,Wheat,1
25.38651076,78.40443794,Wheat,1
25.38402786,78.41133658,Wheat,1
25.38931075,78.39651972,Wheat,1
25.37893498,78.39903161,Mustard,2
25.37646768,78.40126019,Barren Land,8
25.3738943,78.40279676,Barren Land,8
25.37226239,78.40277832,Mustard,2
25.36861104,78.40280749,Wheat,1
25.36814329,78.40109926,Wheat,1
25.35229542,78.40722542,Settlements,7
25.3481714,78.40836,Wheat,1
25.33933387,78.40797242,Wheat,1
25.33749575,78.41222942,Wheat,1
25.33604456,78.41271657,Wheat,1
25.33633698,78.41442883,Barren Land,8
25.33491214,78.41810144,Wheat,1
25.33582668,78.41890208,Barren Land,8
25.33377335,78.42487469,Wheat,1
25.33178756,78.42754383,Wheat,1
25.32723676,78.43112994,Wheat,1
25.3263173,78.43279425,Mustard,2
25.32595334,78.43322005,Wheat,1
25.32614577,78.43742844,Wheat,1
25.32450352,78.43761586,Wheat,1
25.32567938,78.43845908,Wheat,1
25.32505418,78.44059177,Barren Land,8
25.3257809,78.43980085,Wheat,1
25.32258274,78.44198652,Mustard,2
25.32118986,78.44327129,Mustard,2
25.32192934,78.44380338,Wheat,1
25.31880897,78.44879095,Wheat,1
25.31543727,78.45615361,Wheat,1
25.31456621,78.45708836,Wheat,1
25.30793644,78.46264891,Barren Land,8
25.30802889,78.46411608,Mustard,2
25.3072478,78.4684388,Wheat,1
25.30639063,78.48489951,Wheat,1
25.30612966,78.48638579,Wheat,1
25.30873631,78.48936506,Wheat,1
25.30842109,78.49087413,Wheat,1
25.31005598,78.49232756,Mustard,2
25.30897455,78.49392179,Barren Land,8
25.30805707,78.50006238,Mustard,2
25.30853415,78.50092705,Barren Land,8
25.30747543,78.50116946,Wheat,1
25.30772852,78.50552872,Wheat,1
25.3089803,78.5059002,Wheat,1
25.3086566,78.50777306,Wheat,1
25.30805647,78.51053741,Settlements,7
25.31132927,78.52244876,Settlements,7
25.30583323,78.5179792,Open Forest,10
25.29717964,78.51342447,Wheat,1
25.29420292,78.51271737,Wheat,1
25.29184575,78.51403065,Wheat,1
25.28837386,78.51161767,Wheat,1
25.28611874,78.50739788,Wheat,1
25.28391238,78.5083732,Wheat,1
25.28261304,78.50703478,Wheat,1
25.28005827,78.50237243,Wheat,1
25.25780467,78.48379746,Settlements,7
25.25352522,78.48001957,Open Forest,10
25.2494506,78.47610421,Open Forest,10
25.24870886,78.47394135,Open Forest,10
25.24600631,78.47356517,Water,11
25.24667741,78.47595938,Water,11
25.24140255,78.47054332,Settlements,7
25.23929606,78.46867315,Settlements,7
25.23781034,78.46679661,Settlements,7
25.23251842,78.46875094,Open Forest,10
25.23435329,78.47154312,Settlements,7
25.22796571,78.46957169,Wheat,1
25.22645286,78.46663166,Open Forest,10
25.2077693,78.46343011,Open Forest,10
25.20441423,78.46402857,Wheat,1
25.20023027,78.46351728,Open Forest,10
25.19773323,78.46444398,Open Forest,10
25.18816843,78.46440241,Wheat,1
25.1889788,78.4639243,Wheat,1
25.18400546,78.46186001,Wheat,1
25.18243532,78.46174434,Wheat,1
25.18079325,78.46133865,Wheat,1
25.17981989,78.46061915,Wheat,1
25.17859378,78.46210744,Wheat,1
25.17720562,78.46013132,Wheat,1
25.1759461,78.46130814,Wheat,1
25.17470326,78.46197132,Settlements,7
25.17261018,78.46021548,Wheat,1
25.17243874,78.45943898,Wheat,1
25.17057048,78.4610416,Wheat,1
25.16441534,78.45837615,Wheat,1
25.16488236,78.4592814,Wheat,1
25.15851541,78.4581257,Wheat,1
25.15717832,78.45504217,Wheat,1
25.15278758,78.45587667,Wheat,1
25.14820397,78.45424924,Wheat,1
25.14753324,78.45471393,Wheat,1
25.14650013,78.45485676,Wheat,1
25.14491069,78.4561345,Wheat,1
25.14397074,78.45368128,Barren Land,8
25.14199884,78.45487453,Wheat,1
25.13916675,78.45623508,Wheat,1
25.1389215,78.4546395,Barren Land,8
25.13712041,78.45667865,Wheat,1
25.13252983,78.45620256,Wheat,1
25.13347079,78.45646843,Wheat,1
25.13206451,78.45360953,Barren Land,8
25.12835889,78.46020609,Water,11
25.12726977,78.45415737,Water,11
25.12521443,78.46044078,Wheat,1
25.12603402,78.46221641,Wheat,1
25.12397532,78.46166521,Wheat,1
25.1233506,78.4602024,Wheat,1
25.12344986,78.45886566,Wheat,1
25.11929439,78.45981281,Wheat,1
25.11763265,78.45854983,Wheat,1
25.11758104,78.45699549,Barren Land,8
25.11660232,78.45828865,Wheat,1
25.11596178,78.45760234,Barren Land,8
25.11357413,78.45573183,Barren Land,8
25.11473168,78.45661093,Barren Land,8
25.11280789,78.45315121,Wheat,1
25.11142445,78.45266975,Open Forest,10
25.1092298,78.45348012,Barren Land,8
25.10498884,78.45232744,Wheat,1
25.10180582,78.45234588,Barren Land,8
25.10049695,78.45142219,Wheat,1
25.09467895,78.44870243,Barren Land,8
25.09289694,78.45006231,Wheat,1
25.08823972,78.44766509,Wheat,1
25.07877931,78.44625693,Settlements,7
25.07492053,78.44651543,Wheat,1
25.0743153,78.44646949,Wheat,1
25.07152992,78.44528027,Wheat,1
25.06517968,78.44037049,Wheat,1
25.06288823,78.43917858,Wheat,1
25.06223373,78.43961813,Wheat,1
25.06263615,78.4372256,Wheat,1
25.05888955,78.43377627,Wheat,1
25.05763063,78.43192454,Wheat,1
25.05717231,78.43135357,Wheat,1
25.05762456,78.42904285,Wheat,1
25.05731324,78.42846919,Wheat,1
25.05571839,78.42803098,Wheat,1
25.05454843,78.42767291,Wheat,1
25.05425807,78.42651252,Wheat,1
25.05291528,78.42271283,Wheat,1
25.05241138,78.4219759,Wheat,1
25.05178994,78.42097677,Wheat,1
25.05146464,78.42103343,Wheat,1
25.05252559,78.42052314,Wheat,1
25.04190813,78.41716133,Barren Land,8
25.03896466,78.41902714,Wheat,1
25.03665662,78.41939494,Wheat,1
25.04144155,78.41876328,Wheat,1
25.04038385,78.41892421,Wheat,1
25.03279439,78.41869824,Wheat,1
25.03366229,78.42014562,Wheat,1
25.02908212,78.42117492,Wheat,1
25.02781469,78.42149343,Wheat,1
25.02405487,78.42270546,Wheat,1
25.01972377,78.4314575,Wheat,1
25.01756636,78.43300782,Wheat,1
25.01696723,78.43440324,Wheat,1
25.01620494,78.43557738,Wheat,1
25.01318946,78.44089385,Wheat,1
25.00954252,78.44412994,Wheat,1
25.00873187,78.44489235,Wheat,1
25.00670584,78.4440136,Open Forest,10
25.00272174,78.44704214,Wheat,1
24.99947438,78.4490528,Wheat,1
24.99820452,78.44977297,Wheat,1
24.99748678,78.45192008,Open Forest,10
24.9895528,78.4565945,Wheat,1
24.98816553,78.45882777,Wheat,1
24.98780117,78.45632929,Wheat,1
24.98885658,78.46163973,Wheat,1
24.98624461,78.46279174,Wheat,1
24.98432093,78.461859,Wheat,1
24.98129311,78.46589204,Wheat,1
24.97294839,78.47036932,Wheat,1
24.96798966,78.47085211,Wheat,1
24.96594016,78.47011283,Wheat,1
24.96514838,78.46980941,Wheat,1
24.96387391,78.46822858,Wheat,1
24.9613067,78.4681632,Wheat,1
24.96016685,78.46767001,Wheat,1
24.95937533,78.46807234,Wheat,1
24.95963886,78.46724387,Wheat,1
24.957564,78.46759424,Wheat,1
24.95632349,78.46721068,Wheat,1
24.95546629,78.46766364,Wheat,1
24.94663494,78.47155955,Water,11
24.93874571,78.48398924,Water,11
24.94850723,78.49374879,Water,11
24.94723807,78.50716017,Water,11
24.9479871,78.46215606,Water,11
24.95929751,78.49721923,Water,11
24.94041322,78.47085848,Barren Land,8
24.93636738,78.47009774,Wheat,1
24.93289967,78.47651124,Wheat,1
24.92937532,78.4766534,Wheat,1
24.92859728,78.47606298,Wheat,1
24.92693904,78.47536661,Barren Land,8
24.92426464,78.48139185,Settlements,7
24.9193818,78.48177239,Barren Land,8
24.91329857,78.4838967,Wheat,1
24.91162158,78.48397013,Wheat,1
24.90869628,78.48295592,Wheat,1
24.90746441,78.48284192,Wheat,1
24.90637788,78.48180626,Wheat,1
24.90235738,78.48203894,Wheat,1
24.90122672,78.48076455,Wheat,1
24.89954499,78.48152362,Wheat,1
24.89838541,78.4813191,Wheat,1
24.89862444,78.48036524,Wheat,1
24.89749375,78.48120946,Wheat,1
24.89574963,78.47935639,Wheat,1
24.89371595,78.48146193,Wheat,1
24.89336134,78.4832513,Wheat,1
24.89326159,78.47999375,Wheat,1
24.88166956,78.48168723,Wheat,1
24.88101805,78.4796397,Wheat,1
24.87946198,78.47985562,Wheat,1
24.87455424,78.48386988,Wheat,1
24.87312341,78.48283723,Water,11
24.87198335,78.48375924,Wheat,1
24.86964693,78.4824986,Wheat,1
24.86872524,78.48338172,Wheat,1
24.86465272,78.4835108,Settlements,7
24.86562675,78.48692123,Wheat,1
24.86337022,78.48506782,Wheat,1
24.86310313,78.48724376,Wheat,1
24.84586802,78.47253386,Wheat,1
24.84541044,78.47044475,Wheat,1
24.84385787,78.47109418,Wheat,1
24.83930136,78.4675312,Barren Land,8
24.83334808,78.46376035,Wheat,1
24.83315243,78.46495159,Wheat,1
24.82997911,78.46247189,Wheat,1
24.82874341,78.46328728,Wheat,1
24.82786037,78.46370369,Wheat,1
24.82671229,78.46140839,Wheat,1
24.82595947,78.46111905,Wheat,1
24.82257113,78.45985472,Wheat,1
24.8202426,78.46047834,Barren Land,8
24.81882574,78.46005823,Barren Land,8
24.81583586,78.46090447,Wheat,1
24.81491377,78.46058562,Wheat,1
24.81356259,78.45911812,Wheat,1
24.81235077,78.45922206,Wheat,1
24.81161186,78.46023995,Wheat,1
24.80961941,78.4580278,Wheat,1
24.80209335,78.45552932,Wheat,1
24.7992242,78.45615964,Wheat,1
24.79867879,78.45521282,Wheat,1
24.79605701,78.45636081,Wheat,1
24.79560989,78.45737368,Wheat,1
24.79656499,78.45756009,Wheat,1
24.79450078,78.45540293,Wheat,1
24.79393069,78.45277436,Wheat,1
24.79384455,78.45169678,Wheat,1
24.79192791,78.45231369,Wheat,1
24.79258993,78.45045794,Wheat,1
24.79047481,78.45163643,Wheat,1
24.78953702,78.45134072,Wheat,1
24.78897208,78.45404305,Wheat,1
24.7888622,78.44959192,Wheat,1
24.78835997,78.45124215,Wheat,1
24.78786138,78.44863404,Wheat,1
24.78883998,78.44717458,Wheat,1
24.7864405,78.44717726,Wheat,1
24.78656104,78.4442912,Mustard,2
24.78211901,78.4415473,Wheat,1
24.78160762,78.44199222,Wheat,1
24.77914133,78.43910046,Wheat,1
24.77808017,78.4399249,Wheat,1
24.77384453,78.43985014,Wheat,1
24.77279489,78.43963925,Mustard,2
24.76757423,78.43691781,Barren Land,8
24.75425415,78.43451589,Wheat,1
24.75173617,78.43595523,Wheat,1
24.75124384,78.43318954,Wheat,1
24.74937282,78.43193091,Wheat,1
24.74604542,78.43178406,Wheat,1
24.73925088,78.43477271,Settlements,7
24.73486014,78.43145248,Barren Land,8
24.73321757,78.43102533,Mustard,2
24.73228239,78.43238253,Wheat,1
24.71985635,78.42961818,Wheat,1
24.71697769,78.43221322,Wheat,1
24.71655465,78.4303635,Wheat,1
24.71308535,78.43225814,Wheat,1
24.71131275,78.43096264,Wheat,1
24.7103442,78.4326702,Wheat,1
24.70893218,78.43246702,Wheat,1
24.70775041,78.43265377,Mustard,2
24.7073709,78.43254816,Wheat,1
24.70657654,78.43294479,Wheat,1
24.70545932,78.43300916,Wheat,1
24.69487688,78.43281537,Wheat,1
24.69384302,78.43216695,Wheat,1
24.69410743,78.42543393,Settlements,7
24.69139053,78.42396073,Settlements,7
24.68645373,78.43052376,Settlements,7
24.6851572,78.43407802,Settlements,7
24.66706408,78.43175188,Water,11
24.67128232,78.44105378,Wheat,1
24.66955483,78.44083384,Wheat,1
24.66706956,78.42376158,Water,11
24.65669655,78.41074515,Water,11
24.66863348,78.44440218,Wheat,1
24.66571007,78.44449304,Wheat,1
24.66465981,78.44393179,Wheat,1
24.66488315,78.44528697,Wheat,1
24.66473964,78.44804998,Wheat,1
24.66320645,78.44657142,Wheat,1
24.6620084,78.44808083,Wheat,1
24.65992336,78.44914835,Wheat,1
24.6591805,78.45297184,Wheat,1
24.65689979,78.45464654,Field Pea,3
24.64794354,78.46187174,Field Pea,3
24.64563673,78.4623874,Wheat,1
24.64098183,78.46782088,Field Pea,3
24.64046528,78.46822824,Wheat,1
24.63914054,78.46811358,Wheat,1
24.63909148,78.46916299,Wheat,1
24.63872395,78.46961025,Wheat,1
24.63817174,78.47021174,Wheat,1
24.63773716,78.47099293,Wheat,1
24.6363551,78.47020905,Wheat,1
24.63578216,78.47084843,Gram,4
24.63548928,78.47114615,Wheat,1
24.6347091,78.47163834,Wheat,1
24.63531374,78.47251307,Wheat,1
24.63255808,78.47353667,Wheat,1
24.6308334,78.47492404,Field Pea,3
24.63070753,78.47561371,Field Pea,3
24.63041464,78.47651694,Field Pea,3
24.63030218,78.47778529,Gram,4
24.62867165,78.47906202,Wheat,1
24.62801607,78.4798982,Field Pea,3
24.62833822,78.48084837,Field Pea,3
24.62777804,78.48190483,Gram,4
24.62721908,78.48240271,Field Pea,3
24.6269015,78.48260891,Gram,4
24.62644433,78.48311149,Field Pea,3
24.62588262,78.48380618,Gram,4
24.62457936,78.48450556,Gram,4
24.62303043,78.48413173,Wheat,1
24.62268602,78.48710865,Field Pea,3
24.62218708,78.48845981,Wheat,1
24.61826497,78.49749617,Wheat,1
24.61489931,78.50287065,Field Pea,3
24.61328869,78.50545797,Wheat,1
24.61176005,78.50751556,Wheat,1
24.61089315,78.50678835,Field Pea,3
24.61137232,78.50861393,Wheat,1
24.60986316,78.50989636,Field Pea,3
24.60898161,78.51134609,Field Pea,3
24.60853474,78.513689,Field Pea,3
24.60801715,78.51268686,Field Pea,3
24.60684539,78.51477362,Field Pea,3
24.60585134,78.51453491,Gram,4
24.60605284,78.51570502,Field Pea,3
24.6071359,78.51376008,Field Pea,3
24.60531332,78.51694118,Wheat,1
24.60583214,78.51645537,Field Pea,3
24.60499538,78.51764224,Field Pea,3
24.60452746,78.5181921,Gram,4
24.60411105,78.51961568,Wheat,1
24.60294475,78.52144059,Wheat,1
24.60299017,78.52280617,Field Pea,3
24.60149828,78.5229034,Field Pea,3
24.6003728,78.52485839,Field Pea,3
24.60070112,78.52415331,Gram,4
24.59975122,78.52607176,Field Pea,3
24.59925859,78.52730423,Wheat,1
24.59846385,78.52883141,Gram,4
24.59797183,78.52994654,Wheat,1
24.59640367,78.53258986,Field Pea,3
24.59595462,78.5336034,Wheat,1
24.59576439,78.53408922,Field Pea,3
24.59560159,78.53449088,Gram,4
24.59520498,78.53538003,Field Pea,3
24.59474982,78.53630673,Field Pea,3
24.59404987,78.5371466,Wheat,1
24.59361636,78.53777222,Field Pea,3
24.5932926,78.53919078,Wheat,1
24.59075521,78.54201213,Field Pea,3
24.58602296,78.56532253,Field Pea,3
24.58609735,78.56570609,Gram,4
24.58621625,78.56788103,Gram,4
24.58624522,78.56846441,Wheat,1
24.58631869,78.56894888,Wheat,1
24.58641199,78.56965564,Field Pea,3
24.58628821,78.57128609,Wheat,1
24.58607327,78.57309055,Wheat,1
24.58610558,78.57394818,Field Pea,3
24.58607632,78.57486047,Gram,4
24.58607632,78.57562557,Field Pea,3
24.58553515,78.58099334,Field Pea,3
24.58549308,78.58406212,Open Forest,10
24.58638211,78.59110594,Wheat,1
24.58597083,78.59350685,Field Pea,3
24.58582205,78.59402753,Wheat,1
24.58581077,78.59517418,Field Pea,3
24.58554918,78.59646533,Wheat,1
24.58526594,78.5975429,Wheat,1
24.58510741,78.59811187,Wheat,1
24.58440709,78.60038839,Wheat,1
24.582018,78.60265788,Wheat,1
24.58219667,78.6052214,Wheat,1
24.58146707,78.60571325,Field Pea,3
24.58130243,78.60689241,Wheat,1
24.58084052,78.60758342,Gram,4
24.58063167,78.60803302,Field Pea,3
24.58083899,78.60989615,Wheat,1
24.58123047,78.61244861,Wheat,1
24.57930111,78.62451486,Wheat,1
24.57988437,78.63209814,Wheat,1
24.57848002,78.63494497,Field Pea,3
24.57931483,78.63542374,Wheat,1
24.57950326,78.63635983,Wheat,1
24.57823336,78.63671053,Wheat,1
24.57932794,78.63845497,Wheat,1
24.57783974,78.63935016,Field Pea,3
24.57684363,78.63916039,Field Pea,3
24.579145,78.64113651,Wheat,1
24.57877913,78.6437292,Wheat,1
24.57759673,78.64396356,Wheat,1
24.57870504,78.64606809,Wheat,1
24.57859558,78.64719696,Field Pea,3
24.57690278,78.66112165,Wheat,1
24.57636737,78.66208892,Wheat,1
24.57510049,78.66475973,Wheat,1
24.57480809,78.66570789,Field Pea,3
24.57331099,78.66820201,Wheat,1
24.57412388,78.66806824,Gram,4
24.57386226,78.66953641,Wheat,1
24.57393392,78.67083192,Gram,4
24.57231118,78.67481299,Mustard,2
24.57227002,78.68009124,Gram,4
24.57254475,78.67894191,Gram,4
24.57264842,78.67368948,Wheat,1
24.57278746,78.67246974,Gram,4
24.57300181,78.67072295,Wheat,1
24.57324421,78.66886452,Wheat,1
24.57354851,78.66618633,Wheat,1
24.57406381,78.66479829,Wheat,1
24.57777418,78.64623137,Wheat,1
24.57809646,78.63823302,Wheat,1
24.57828885,78.6332535,Wheat,1
24.57770406,78.63228053,Field Pea,3
24.57796444,78.63168776,Wheat,1
24.57768485,78.62805571,Wheat,1
24.57707047,78.62570979,Settlements,7
24.58036793,78.61314833,Gram,4
24.57943252,78.61188937,Wheat,1
24.57936575,78.61081984,Wheat,1
24.57920476,78.6100021,Wheat,1
24.580017,78.60731587,Field Pea,3
24.57973254,78.60616252,Field Pea,3
24.58020024,78.60581283,Field Pea,3
24.58283754,78.60118434,Gram,4
24.58347293,78.60042326,Gram,4
24.58409855,78.59887227,Gram,4
24.58425648,78.59829661,Wheat,1
24.58468057,78.5966732,Gram,4
24.58530375,78.57387107,Gram,4
24.58559217,78.57146647,Gram,4
24.58560192,78.57095551,Field Pea,3
24.58547296,78.56381647,Gram,4
24.58941836,78.54201481,Field Pea,3
24.59269324,78.53766058,Gram,4
24.59605339,78.53048265,Gram,4
24.59938693,78.52416873,Wheat,1
24.60472621,78.51622771,Field Pea,3
24.60433206,78.51653215,Field Pea,3
24.60526973,78.51547737,Gram,4
24.606707,78.51301912,Gram,4
24.61321157,78.50376349,Gram,4
24.61405133,78.50245826,Gram,4
24.61448965,78.50194059,Gram,4
24.62682683,78.48141667,Gram,4
24.62866372,78.47856447,Gram,4
24.62980815,78.47493913,Gram,4
24.65397884,78.45412619,Wheat,1
24.65627728,78.45335003,Wheat,1
24.66897229,78.43709484,Water,11
24.80598624,78.45681209,Gram,4
24.81130997,78.45860917,Field Pea,3
24.77127216,78.4390894,Field Pea,3
24.75535389,78.43692586,Gram,4
24.66597819,78.4463964,Field Pea,3
24.65761707,78.45485374,Field Pea,3
25.23833409,78.48459005,Open Forest,10
25.24001936,78.48860733,Wheat,1
25.24240544,78.48794147,Open Forest,10
25.24433204,78.48933991,Open Forest,10
25.24908064,78.49041782,Open Forest,10
25.25844538,78.4990941,Wheat,1
25.27729518,78.51176083,Wheat,1
25.27658999,78.51252023,Wheat,1
25.27973813,78.5122044,Wheat,1
25.28238112,78.5144075,Wheat,1
25.28272824,78.51716682,Wheat,1
25.28643371,78.51640407,Wheat,1
25.28780758,78.51793125,Wheat,1
25.2985149,78.52558091,Wheat,1
25.31444044,78.53378613,Open Forest,10
25.3237183,78.54264949,Wheat,1
25.328255,78.54338273,Wheat,1
25.32995477,78.5441998,Wheat,1
25.33209908,78.54308702,Wheat,1
25.33358668,78.54436375,Wheat,1
25.33458366,78.54247984,Wheat,1
25.3407223,78.54216903,Wheat,1
25.38102814,78.51855487,Wheat,1
25.38337449,78.51852704,Wheat,1
25.3835735,78.51506297,Wheat,1
25.38582863,78.50997984,Wheat,1
25.38478967,78.50834906,Wheat,1
25.38727619,78.50651208,Wheat,1
25.39075766,78.50240797,Wheat,1
25.39154517,78.50149401,Wheat,1
25.39341186,78.50060821,Wheat,1
25.39605903,78.49856067,Wheat,1
25.39831392,78.49323515,Wheat,1
25.399198,78.4913566,Wheat,1
25.40148797,78.48805614,Wheat,1
25.4076641,78.48587785,Wheat,1
25.41144933,78.48464571,Wheat,1
25.42276949,78.48050706,Barren Land,8
25.42847186,78.48005209,Wheat,1
25.44009137,78.48279633,Open Forest,10
25.43902805,78.48091342,Open Forest,10
25.44294763,78.48156318,Open Forest,10
25.45045067,78.48215595,Open Forest,10
25.45518634,78.48149277,Wheat,1
25.456581,78.48137442,Wheat,1
25.4569034,78.49773757,Wheat,1
25.48517297,78.5463107,Wheat,1
25.5184311,78.54934428,Mustard,2
25.51735607,78.54993269,Gram,4
25.51760932,78.55247241,Field Pea,3
25.5169954,78.54904789,Gram,4
25.49951845,78.55542753,Wheat,1
25.49850014,78.5574194,Wheat,1
25.49944492,78.55948705,Wheat,1
25.4979406,78.55995275,Wheat,1
25.49852859,78.56318079,Wheat,1
25.49972605,78.5651046,Wheat,1
25.50056974,78.5703681,Wheat,1
25.49980019,78.57642017,Settlements,7
25.49918073,78.57847642,Wheat,1
25.49794938,78.57744779,Wheat,1
25.49762466,78.58239111,Wheat,1
25.49617086,78.5803372,Wheat,1
25.49594299,78.58352266,Wheat,1
25.49689716,78.584962,Wheat,1
25.4941599,78.58449228,Field Pea,3
25.49238194,78.58687744,Barren Land,8
25.49038998,78.59054469,Wheat,1
25.48827391,78.59063856,Wheat,1
25.48725581,78.59146938,Wheat,1
25.48613147,78.59249264,Wheat,1
25.48777031,78.59351289,Mustard,2
25.47950809,78.59765455,Wheat,1
25.47755163,78.59948482,Wheat,1
25.47433055,78.60667516,Wheat,1
25.46948576,78.61116651,Settlements,7
25.46602443,78.62307284,Open Forest,10
25.4669413,78.63401156,Wheat,1
25.47019043,78.63770396,Settlements,7
25.46646879,78.64257552,Barren Land,8
25.46589457,78.65548398,Wheat,1
25.47256471,78.66632916,Wheat,1
25.46518201,78.67735136,Barren Land,8
25.47262645,78.685573,Wheat,1
25.47402061,78.68549455,Wheat,1
25.47178862,78.68722156,Wheat,1
25.47031423,78.68792295,Wheat,1
25.47159642,78.69086567,Wheat,1
25.47275661,78.6909562,Wheat,1
25.47336591,78.69452991,Wheat,1
25.47584213,78.71119548,Settlements,7
25.48249598,78.7126489,Wheat,1
25.4853361,78.71750034,Gram,4
25.48704607,78.71721033,Gram,4
25.49143348,78.72258782,Wheat,1
25.49411421,78.72400068,Wheat,1
25.49623199,78.72547153,Wheat,1
25.49477333,78.72719284,Wheat,1
25.49761801,78.72836564,Wheat,1
25.50152781,78.73079471,Settlements,7
25.49997328,78.72998737,Wheat,1
25.50229523,78.73436138,Wheat,1
25.51861143,78.75638064,Field Pea,3
25.51970551,78.75746056,Field Pea,3
25.52523992,78.76377851,Wheat,1
25.5267091,78.76479071,Wheat,1
25.52176506,78.7653181,Mustard,2
25.52423605,78.76316093,Field Pea,3
25.5229998,78.76673263,Wheat,1
25.53026005,78.77040893,Wheat,1
25.53007006,78.77389513,Field Pea,3
25.53132952,78.77534587,Field Pea,3
25.5329856,78.77515007,Field Pea,3
25.53424685,78.77645195,Field Pea,3
25.53455966,78.77669737,Field Pea,3
25.53646799,78.78002264,Wheat,1
25.53736497,78.78083937,Wheat,1
25.5390854,78.78334757,Field Pea,3
25.54034325,78.78464743,Wheat,1
25.54084906,78.78342871,Field Pea,3
25.53911202,78.78529955,Wheat,1
25.54167884,78.785551,Mustard,2
25.54406593,78.7884099,Wheat,1
25.54258304,78.7874376,Field Pea,3
25.54359947,78.78964808,Gram,4
25.5433021,78.79035383,Field Pea,3
25.54602281,78.78853429,Field Pea,3
25.54757039,78.79083194,Field Pea,3
25.5473172,78.79015636,Field Pea,3
25.54786804,78.79377332,Mustard,2
25.54895157,78.7925281,Field Pea,3
25.54956987,78.79391681,Wheat,1
25.54884358,78.79464302,Wheat,1
25.55113645,78.79564282,Mustard,2
25.55117668,78.7980853,Wheat,1
25.55337453,78.79769705,Settlements,7
25.55596827,78.79963059,Water,11
25.55581704,78.80156681,Wheat,1
25.55867085,78.80085904,Wheat,1
25.55736086,78.80253442,Field Pea,3
25.55924705,78.8092795,Wheat,1
25.56087279,78.81023236,Wheat,1
25.561328,78.82082239,Wheat,1
25.56513591,78.82549748,Wheat,1
25.56542022,78.82939842,Wheat,1
25.57074262,78.83469611,Wheat,1
25.58106011,78.83512292,Mustard,2
25.5818993,78.83515075,Field Pea,3
25.58276932,78.83613948,Wheat,1
25.5842883,78.8348205,Wheat,1
25.58601289,78.83478932,Field Pea,3
25.5908557,78.83429278,Field Pea,3
25.59472074,78.834619,Field Pea,3
25.59667014,78.83767705,Field Pea,3
25.59828812,78.8371795,Wheat,1
25.59902257,78.83740481,Wheat,1
25.59841088,78.83955393,Field Pea,3
25.60567684,78.85072667,Settlements,7
25.60491764,78.85054294,Settlements,7
25.60940172,78.8557595,Wheat,1
25.61149358,78.85626175,Field Pea,3
25.61376983,78.85873675,Field Pea,3
25.61578,78.86345744,Mustard,2
25.61551304,78.86401936,Mustard,2
25.62145144,78.86892512,Settlements,7
25.62229941,78.86997085,Settlements,7
25.62683574,78.86921078,Field Pea,3
25.62809963,78.8720338,Wheat,1
25.63265296,78.87196641,Field Pea,3
25.63325148,78.87220647,Wheat,1
25.63389926,78.87238953,Wheat,1
25.63444063,78.87308255,Mustard,2
25.6361515,78.87439549,Field Pea,3
25.63628994,78.87410045,Gram,4
25.63674849,78.87392275,Field Pea,3
25.63723363,78.87479447,Field Pea,3
25.63755796,78.87433682,Field Pea,3
25.64282184,78.8768648,Wheat,1
25.6444398,78.87714509,Wheat,1
25.65386027,78.8822205,Field Pea,3
25.65535205,78.88572145,Mustard,2
25.65585495,78.88859745,Wheat,1
25.65724426,78.88729692,Field Pea,3
25.65944197,78.88918988,Field Pea,3
25.66041992,78.8898487,Wheat,1
25.6607448,78.89031775,Wheat,1
25.66186478,78.8917866,Wheat,1
25.6625529,78.89053602,Field Pea,3
25.66408658,78.89014442,Field Pea,3
25.66357374,78.89077138,Field Pea,3
25.66464565,78.89104798,Field Pea,3
25.66830372,78.89367588,Gram,4
25.66909847,78.89508806,Field Pea,3
25.67010415,78.8957281,Wheat,1
25.67213693,78.89747523,Wheat,1
25.67475499,78.89650628,Field Pea,3
25.67536629,78.89907651,Wheat,1
25.67631329,78.89761772,Field Pea,3
25.67707687,78.89976081,Wheat,1
25.68512575,78.90371371,Settlements,7
25.6862316,78.90339218,Settlements,7
25.6898603,78.90952639,Wheat,1
25.69256378,78.91119741,Field Pea,3
25.69742281,78.91439024,Wheat,1
25.69784215,78.91514931,Gram,4
25.70027536,78.9171784,Field Pea,3
25.7013995,78.91932651,Wheat,1
25.70220159,78.92185852,Field Pea,3
25.70376799,78.92099384,Wheat,1
25.70357011,78.92310038,Field Pea,3
25.70368884,78.92392047,Field Pea,3
25.70726293,78.92502017,Gram,4
25.7068255,78.92692588,Field Pea,3
25.70765112,78.92746635,Field Pea,3
25.70850422,78.92821368,Wheat,1
25.71001888,78.93064175,Field Pea,3
25.71205853,78.9302991,Wheat,1
25.71242918,78.93371556,Gram,4
25.71330732,78.93547274,Field Pea,3
25.71328497,78.93602662,Field Pea,3
25.71540824,78.93918961,Field Pea,3
25.71400058,78.94120932,Wheat,1
25.71659598,78.94402832,Mustard,2
25.71556169,78.94830845,Mustard,2
25.71564899,78.94910775,Field Pea,3
25.71752634,78.95269688,Field Pea,3
25.71851107,78.9522104,Field Pea,3
25.71871647,78.95428844,Wheat,1
25.71969183,78.9614268,Field Pea,3
25.7220669,78.9618583,Wheat,1
25.72990644,78.96694209,Wheat,1
25.73047849,78.9676968,Wheat,1
25.73016317,78.96845989,Wheat,1
25.73236799,78.96863423,Wheat,1
25.74557854,78.96771658,Wheat,1
25.74514034,78.96672718,Wheat,1
25.74487519,78.96928098,Field Pea,3
25.75050365,78.97314705,Wheat,1
25.75250124,78.97492368,Field Pea,3
25.75311667,78.97545677,Field Pea,3
25.75537995,78.97849202,Wheat,1
25.75627709,78.97918336,Field Pea,3
25.76063832,78.9818706,Wheat,1
25.76065372,78.98541413,Settlements,7
25.76508634,78.98980524,Field Pea,3
25.76585026,78.99023306,Wheat,1
25.76763321,78.98919336,Wheat,1
25.76929205,78.99118725,Field Pea,3
25.77011149,78.99189401,Field Pea,3
25.77090648,78.99237715,Field Pea,3
25.77166251,78.99507176,Mustard,2
25.77177663,78.99294846,Field Pea,3
25.77281737,78.99412863,Field Pea,3
25.77409843,78.99503589,Field Pea,3
25.78215946,79.0041668,Gram,4
25.78538522,79.00660794,Field Pea,3
25.78633196,79.00714371,Field Pea,3
25.78740577,79.00632061,Field Pea,3
25.79215407,79.00939107,Wheat,1
25.79270227,79.00821894,Wheat,1
25.79910213,79.01538949,Field Pea,3
25.79742047,79.01827019,Wheat,1
25.8012127,79.01831042,Wheat,1
25.80142701,79.01942756,Wheat,1
25.8035475,79.02147744,Wheat,1
25.80223175,79.02366981,Wheat,1
25.80542618,79.02523622,Field Pea,3
25.80667399,79.03163195,Field Pea,3
25.80804825,79.03653771,Wheat,1
25.81010886,79.03939191,Field Pea,3
25.81459939,79.04560659,Wheat,1
25.81645707,79.04790491,Field Pea,3
25.81566541,79.0477071,Field Pea,3
25.81923463,79.05213945,Wheat,1
25.82278201,79.0548981,Wheat,1
25.82430064,79.05545164,Field Pea,3
25.83249616,79.05983672,Field Pea,3
25.83373433,79.06175952,Wheat,1
25.83649458,79.06602055,Field Pea,3
25.83710323,79.06654727,Field Pea,3
25.8381256,79.06616874,Field Pea,3
25.83926925,79.06936962,Field Pea,3
25.84145575,79.07253664,Wheat,1
25.84569617,79.07794263,Settlements,7
25.85100424,79.077028,Field Pea,3
25.85116807,79.07603424,Wheat,1
25.85110079,79.07555077,Wheat,1
25.85244135,79.07532547,Field Pea,3
25.85318237,79.07492615,Wheat,1
25.85614402,79.07423582,Mustard,2
25.85893724,79.07454528,Field Pea,3
25.8582937,79.0737547,Wheat,1
25.85901779,79.07569293,Wheat,1
25.86032718,79.07499421,Field Pea,3
25.86203691,79.07590181,Field Pea,3
25.861537,79.07653112,Wheat,1
25.86371705,79.07727007,Field Pea,3
25.86397772,79.07582738,Wheat,1
25.86517573,79.07621831,Field Pea,3
25.86651432,79.07658678,Field Pea,3
25.86680907,79.07567918,Field Pea,3
25.86777506,79.07648619,Field Pea,3
25.86894679,79.07742597,Field Pea,3
25.87000658,79.07694083,Field Pea,3
25.86838264,79.07557826,Wheat,1
25.86947925,79.07576032,Field Pea,3
25.87079758,79.07414496,Wheat,1
25.87347521,79.07522187,Wheat,1
25.87184649,79.07642048,Wheat,1
25.87461491,79.07599032,Field Pea,3
25.87580557,79.07682516,Field Pea,3
25.87641252,79.07837581,Field Pea,3
25.87742247,79.07908626,Field Pea,3
25.87851175,79.07814045,Field Pea,3
25.87783303,79.07778136,Field Pea,3
25.88017778,79.08015646,Field Pea,3
25.87917781,79.08257648,Wheat,1
25.87799743,79.08236794,Wheat,1
25.8772454,79.08392765,Field Pea,3
25.87786651,79.0846676,Gram,4
25.87984657,79.08757411,Wheat,1
25.88021398,79.08808574,Wheat,1
25.8807654,79.08766061,Field Pea,3
25.88147186,79.08766564,Wheat,1
25.8824501,79.08696458,Field Pea,3
25.8840117,79.08559598,Field Pea,3
25.88445542,79.08694915,Wheat,1
25.88546108,79.08513967,Wheat,1
25.88584929,79.08665109,Field Pea,3
25.8865349,79.0870494,Field Pea,3
25.88688661,79.08495057,Wheat,1
25.88841196,79.08659577,Wheat,1
25.89059634,79.0862387,Wheat,1
25.89505698,79.0926294,Settlements,7
25.89973068,79.09282286,Gram,4
25.90042074,79.09350984,Field Pea,3
25.89986218,79.09477081,Field Pea,3
25.90144557,79.09542393,Wheat,1
25.90260641,79.09572702,Field Pea,3
25.90382907,79.09440134,Wheat,1
25.90460415,79.09638382,Field Pea,3
25.90592661,79.09507088,Field Pea,3
25.90827201,79.0961042,Field Pea,3
25.9090139,79.09633756,Wheat,1
25.90897439,79.09762971,Wheat,1
25.90985348,79.09898188,Wheat,1
25.9106795,79.09709293,Field Pea,3
25.91171962,79.097737,Field Pea,3
25.91379139,79.09875926,Field Pea,3
25.91359778,79.1005788,Field Pea,3
25.91509474,79.101073,Field Pea,3
25.91820229,79.1013496,Field Pea,3
25.92026279,79.10418101,Wheat,1
25.9239175,79.10367206,Settlements,7
25.92266551,79.10603508,Field Pea,3
25.92521924,79.10734802,Wheat,1
25.92678571,79.106539,Field Pea,3
25.92729952,79.10835486,Wheat,1
25.92862262,79.1092363,Mustard,2
25.93073842,79.10866097,Field Pea,3
25.93361731,79.11034673,Field Pea,3
25.93472869,79.11089156,Field Pea,3
25.9353501,79.11098745,Gram,4
25.93658146,79.11181089,Field Pea,3
25.93784628,79.11253441,Wheat,1
25.9395778,79.11535375,Field Pea,3
25.9405447,79.11565248,Wheat,1
25.94118418,79.11414374,Field Pea,3
25.94164727,79.11671631,Wheat,1
25.94394764,79.11472812,Field Pea,3
25.94502455,79.11662746,Field Pea,3
25.94563777,79.11879838,Field Pea,3
25.94652051,79.11765039,Field Pea,3
25.94786662,79.11808826,Field Pea,3
25.9500493,79.12105814,Field Pea,3
25.94937701,79.11905821,Gram,4
25.95404253,79.12305404,Wheat,1
25.95547175,79.12428483,Field Pea,3
25.95726421,79.12361663,Field Pea,3
25.95785476,79.12529569,Field Pea,3
25.95905514,79.12604135,Field Pea,3
25.96105282,79.12562795,Field Pea,3
25.96369555,79.12679438,Wheat,1
25.96299019,79.12876647,Field Pea,3
25.96672285,79.1303882,Field Pea,3
25.97160982,79.13377818,Wheat,1
25.9745266,79.13677957,Wheat,1
25.99020608,79.14693743,Settlements,7
25.99139769,79.14499652,Settlements,7
25.99198656,79.14789733,Settlements,7
25.9957632,79.15091012,Settlements,7
26.01169476,79.15707886,Open Forest,10
26.01370451,79.15930208,Wheat,1
26.0164482,79.16223574,Wheat,1
26.01919152,79.16233767,Mustard,2
26.02508169,79.16662384,Wheat,1
26.02856473,79.16795857,Field Pea,3
26.02996533,79.16870825,Field Pea,3
26.03155692,79.16752741,Field Pea,3
26.03561486,79.17026896,Wheat,1
26.03947113,79.16922089,Field Pea,3
26.04186539,79.17209152,Field Pea,3
26.04281579,79.17109106,Field Pea,3
26.04360411,79.17374644,Mustard,2
26.04582809,79.17291965,Gram,4
26.04631126,79.17166773,Gram,4
26.04700347,79.17615306,Field Pea,3
26.04764206,79.17439722,Wheat,1
26.04854211,79.17502552,Gram,4
26.05076117,79.17945318,Field Pea,3
26.05180186,79.18029003,Field Pea,3
26.05447297,79.18131966,Wheat,1
26.05954695,79.18407932,Field Pea,3
26.06093152,79.18416917,Field Pea,3
26.06135408,79.18302856,Field Pea,3
26.06218024,79.18443404,Field Pea,3
26.06314583,79.18459699,Wheat,1
26.0648231,79.18360725,Field Pea,3
26.06576699,79.18389659,Field Pea,3
26.06467582,79.18410547,Gram,4
26.07100039,79.18615367,Mustard,2
26.07271941,79.1890109,Field Pea,3
26.07503559,79.19033557,Wheat,1
26.07564542,79.18899212,Wheat,1
26.07676238,79.18954834,Field Pea,3
26.08218109,79.19342648,Wheat,1
26.08426552,79.19245183,Wheat,1
26.08468318,79.19504218,Wheat,1
26.08627884,79.19608589,Field Pea,3
26.08864654,79.19752657,Wheat,1
26.08931924,79.19815019,Wheat,1
26.0913409,79.19831883,Wheat,1
26.09278381,79.20091789,Wheat,1
26.09411198,79.20033183,Wheat,1
26.09523629,79.20270324,Field Pea,3
26.09618987,79.20342442,Field Pea,3
26.09853208,79.20252152,Wheat,1
26.1150864,79.20499619,Field Pea,3
26.11667381,79.202202,Wheat,1
26.11731474,79.20279711,Wheat,1
26.12119029,79.20183487,Wheat,1
26.12421684,79.20117304,Wheat,1
26.12513014,79.20015413,Wheat,1
26.13478715,79.1912663,Wheat,1
26.13535603,79.1884017,Wheat,1
26.14013936,79.18258365,Wheat,1
26.14325571,79.18147121,Mustard,2
26.14082259,79.18150138,Wheat,1
26.14424471,79.1801301,Field Pea,3
26.14379656,79.17735402,Wheat,1
26.14595001,79.17739458,Wheat,1
26.14490956,79.17609707,Wheat,1
26.14649236,79.17644709,Field Pea,3
26.14704252,79.17533129,Field Pea,3
26.14999978,79.17168181,Wheat,1
26.14987638,79.16985154,Field Pea,3
26.15140765,79.1697171,Wheat,1
26.15211309,79.16889165,Field Pea,3
26.15211098,79.16672878,Field Pea,3
25.90422144,79.27674294,Wheat,1
25.90284889,79.27620448,Field Pea,3
25.90735491,79.27856147,Wheat,1
25.91038637,79.28139087,Wheat,1
25.91038787,79.28671002,Water,11
25.91755425,79.28895168,Wheat,1
25.91926496,79.2893701,Wheat,1
25.9233099,79.29057609,Field Pea,3
25.92576291,79.28909451,Wheat,1
25.92547494,79.29093383,Wheat,1
25.92679325,79.29206405,Field Pea,3
25.92937523,79.2931433,Field Pea,3
25.93647955,79.2918716,Wheat,1
25.93928233,79.29295521,Wheat,1
25.93929439,79.29078497,Field Pea,3
25.94177932,79.2912956,Field Pea,3
25.94350627,79.2917509,Field Pea,3
25.94612678,79.29263402,Wheat,1
25.95302359,79.29641459,Settlements,7
25.9569088,79.29319527,Field Pea,3
25.95873258,79.29315772,Wheat,1
25.96012588,79.29338537,Field Pea,3
25.96170786,79.29291096,Wheat,1
25.96052107,79.29579768,Field Pea,3
25.962992,79.29481667,Field Pea,3
25.97053527,79.29246068,Wheat,1
25.96953696,79.29434493,Wheat,1
25.97615269,79.29187261,Wheat,1
25.97725643,79.29364957,Wheat,1
25.97827999,79.2920151,Mustard,2
25.97983249,79.29324556,Wheat,1
25.98117339,79.29282211,Wheat,1
25.99090556,79.29214988,Wheat,1
25.99117498,79.29067567,Wheat,1
25.98812481,79.28700641,Settlements,7
25.9870498,79.28595867,Settlements,7
25.99498962,79.2888464,Wheat,1
25.99603442,79.2891914,Wheat,1
25.99718438,79.28974696,Wheat,1
25.99590966,79.29102704,Wheat,1
25.99978441,79.2919001,Field Pea,3
26.00228314,79.29096937,Wheat,1
26.0039661,79.2925901,Mustard,2
26.00473179,79.29292068,Wheat,1
26.0062981,79.29208986,Field Pea,3
26.00980279,79.2919011,Wheat,1
26.0096672,79.29360297,Mustard,2
26.01130064,79.29236043,Wheat,1
26.01232149,79.29270376,Field Pea,3
26.01668472,79.29489847,Field Pea,3
26.01775222,79.29550532,Wheat,1
26.02015476,79.29426178,Mustard,2
26.02107671,79.29453269,Field Pea,3
26.02199082,79.29475799,Wheat,1
26.02465929,79.29520525,Wheat,1
26.02569148,79.29672673,Wheat,1
26.03251945,79.29820061,Settlements,7
26.03619688,79.29909512,Wheat,1
26.03965881,79.29862037,Field Pea,3
26.04083184,79.30009894,Field Pea,3
26.04245039,79.29887317,Field Pea,3
26.04337789,79.29877862,Wheat,1
26.0422335,79.30073664,Field Pea,3
26.04426351,79.29963559,Field Pea,3
26.04456685,79.29822274,Wheat,1
26.04398095,79.30215586,Field Pea,3
26.04787461,79.30071685,Field Pea,3
26.04858789,79.30165697,Field Pea,3
26.05011386,79.30245426,Field Pea,3
26.05055725,79.30414371,Field Pea,3
26.05149975,79.30291191,Wheat,1
26.05306333,79.30394858,Wheat,1
26.05236001,79.30524677,Wheat,1
26.05339285,79.30586603,Field Pea,3
26.05541243,79.30648092,Field Pea,3
26.05636874,79.30728659,Field Pea,3
26.05792834,79.30642694,Field Pea,3
26.05885963,79.30829477,Field Pea,3
26.05881114,79.3068628,Field Pea,3
26.06029902,79.30714276,Wheat,1
26.06158148,79.3081506,Field Pea,3
26.06241877,79.3108204,Field Pea,3
26.06688555,79.31017902,Field Pea,3
26.06838297,79.3111074,Field Pea,3
26.06803723,79.3129142,Field Pea,3
26.07030802,79.3138513,Wheat,1
26.07280374,79.31301847,Field Pea,3
26.07212613,79.31439612,Mustard,2
26.07283144,79.31505393,Field Pea,3
26.0740719,79.31345936,Field Pea,3
26.07467993,79.31501102,Field Pea,3
26.07732492,79.31432236,Field Pea,3
26.07758391,79.31580193,Field Pea,3
26.07962354,79.31416512,Field Pea,3
26.07886979,79.31630921,Field Pea,3
26.08135539,79.3169288,Settlements,7
26.08287551,79.31559473,Field Pea,3
26.0828466,79.31694388,Wheat,1
26.08348831,79.31600746,Mustard,2
26.0853827,79.31743808,Wheat,1
26.08512945,79.31605306,Wheat,1
26.08901029,79.31629915,Mustard,2
26.09012351,79.31637492,Field Pea,3
26.09070255,79.31783438,Field Pea,3
26.09188711,79.31670986,Field Pea,3
26.0941984,79.31841038,Field Pea,3
26.09811206,79.31938436,Field Pea,3
26.10157306,79.31999624,Wheat,1
26.10459981,79.3215593,Field Pea,3
26.10476721,79.32273645,Gram,4
26.10528897,79.32310861,Field Pea,3
26.10621808,79.3228263,Field Pea,3
26.10753646,79.3231599,Field Pea,3
26.10844026,79.32356693,Field Pea,3
26.10888193,79.32521179,Field Pea,3
26.11313197,79.32505354,Wheat,1
26.11530586,79.32312772,Wheat,1
26.11685203,79.32338186,Mustard,2
26.12030796,79.32677686,Wheat,1
26.12497,79.329101,Field Pea,3
26.12525627,79.33086991,Field Pea,3
26.12614488,79.33108415,Wheat,1
26.14375202,79.33279809,Settlements,7
26.14514161,79.33687638,Settlements,7
26.14829905,79.33164038,Settlements,7
26.14708376,79.33067009,Settlements,7
26.14558524,79.32372719,Mustard,2
26.14488337,79.32445306,Mustard,2
26.15526493,79.32840563,Mustard,2
26.15498896,79.32900142,Mustard,2
26.16522577,79.33359504,Wheat,1
26.16449544,79.33487747,Field Pea,3
26.16574245,79.33558825,Wheat,1
26.16741103,79.33422871,Field Pea,3
26.16903143,79.3349462,Field Pea,3
26.172781,79.33676004,Field Pea,3
26.17419222,79.33649249,Field Pea,3
26.17713344,79.34016176,Wheat,1
26.17982034,79.33958743,Field Pea,3
26.18317993,79.34158199,Field Pea,3
26.1839285,79.34181299,Wheat,1
26.18459824,79.34208054,Wheat,1
26.18413099,79.34342667,Wheat,1
26.18565759,79.34385549,Field Pea,3
26.186809,79.3444315,Wheat,1
26.18770347,79.34279636,Field Pea,3
26.1903826,79.34409924,Wheat,1
26.1939949,79.34607301,Wheat,1
26.19368955,79.3472163,Field Pea,3
26.19467992,79.34801191,Field Pea,3
26.19725692,79.34734505,Field Pea,3
26.19834895,79.34967622,Field Pea,3
26.20428996,79.34945695,Wheat,1
26.20583826,79.35096871,Wheat,1
26.20791897,79.3517375,Field Pea,3
26.21025563,79.3521281,Field Pea,3
26.21054711,79.35274903,Field Pea,3
26.21136349,79.35465071,Wheat,1
26.21290297,79.35514793,Field Pea,3
26.21147117,79.35227126,Field Pea,3
26.215192,79.35637303,Field Pea,3
26.21607723,79.35638912,Field Pea,3
26.21716036,79.35647931,Field Pea,3
26.21946856,79.35579836,Wheat,1
26.21957924,79.35741272,Wheat,1
26.22268895,79.35864519,Wheat,1
26.2259231,79.35859457,Wheat,1
26.22665124,79.36038528,Wheat,1
26.22862451,79.36140317,Mustard,2
26.23087264,79.35985353,Mustard,2
26.23054241,79.36059315,Mustard,2
26.2311388,79.36231747,Field Pea,3
26.23227653,79.36085198,Field Pea,3
26.23308884,79.36325155,Field Pea,3
26.23375348,79.36356403,Mustard,2
26.2346121,79.36386343,Mustard,2
26.23784861,79.36315365,Mustard,2
26.23977508,79.36612353,Mustard,2
26.24262984,79.36564375,Field Pea,3
26.2437843,79.36634917,Wheat,1
26.24512308,79.3680108,Mustard,2
26.24545386,79.36698753,Field Pea,3
26.24620113,79.36863575,Mustard,2
26.2481001,79.36942231,Field Pea,3
26.24923495,79.36850969,Wheat,1
26.25157649,79.36916079,Field Pea,3
26.25267343,79.36883423,Wheat,1
26.25381305,79.37037818,Wheat,1
26.25861527,79.36969522,Settlements,7
26.25939433,79.36830617,Settlements,7
26.25966373,79.36755247,Settlements,7
26.2583627,79.37382013,Barren Land,8
26.26264519,79.37410846,Wheat,1
26.26446331,79.3746781,Wheat,1
26.2678878,79.37545896,Settlements,7
26.26789111,79.37850896,Mustard,2
26.27006632,79.37685303,Mustard,2
26.27134527,79.37764764,Mustard,2
26.27223397,79.3783192,Mustard,2
26.27264645,79.3797183,Wheat,1
26.27474611,79.38073553,Wheat,1
26.27483209,79.37914196,Wheat,1
26.27556264,79.38116502,Field Pea,3
26.27637374,79.37970355,Field Pea,3
26.27800346,79.3800519,Mustard,2
26.27868107,79.38248534,Wheat,1
26.28049533,79.38121665,Wheat,1
26.28126131,79.38195191,Field Pea,3
26.2821292,79.38380565,Wheat,1
26.28415143,79.38292723,Mustard,2
26.28435314,79.38462976,Wheat,1
26.28506679,79.38346568,Wheat,1
26.28647453,79.38605469,Wheat,1
26.2870069,79.38437629,Mustard,2
26.28801963,79.38476086,Wheat,1
26.28798987,79.38657369,Wheat,1
26.28965339,79.38741691,Field Pea,3
26.29205243,79.3863276,Mustard,2
26.2927979,79.38673127,Wheat,1
26.29225473,79.3880251,Wheat,1
26.29293707,79.38934308,Wheat,1
26.29680949,79.3885535,Mustard,2
26.29931719,79.38972663,Wheat,1
26.2998994,79.38996032,Wheat,1
26.29905449,79.39217415,Wheat,1
26.30009988,79.3927753,Field Pea,3
26.30113834,79.39325441,Field Pea,3
26.30157266,79.39034253,Field Pea,3
26.30487314,79.39199243,Wheat,1
26.30406343,79.39361013,Field Pea,3
26.30546373,79.39246114,Mustard,2
26.30582801,79.39193811,Mustard,2
26.30600203,79.39434741,Wheat,1
26.30877071,79.39380191,Wheat,1
26.30879685,79.39584341,Wheat,1
26.30983344,79.3940879,Wheat,1
26.31066594,79.39693674,Mustard,2
26.31488128,79.39617768,Settlements,7
26.31626402,79.39687405,Settlements,7
26.31637011,79.39863157,Water,11
26.31824088,79.39776722,Wheat,1
26.32159647,79.39908989,Wheat,1
26.32442789,79.40089568,Wheat,1
26.32464395,79.3995928,Wheat,1
26.32541865,79.40118603,Wheat,1
26.32619035,79.40151326,Wheat,1
26.32699629,79.40349508,Field Pea,3
26.32916318,79.4043963,Field Pea,3
26.32993184,79.40495621,Wheat,1
26.33083602,79.40350045,Wheat,1
26.33267291,79.40441508,Field Pea,3
26.33388145,79.40527171,Field Pea,3
26.33476186,79.40519024,Field Pea,3
26.33526126,79.40540481,Wheat,1
26.33831078,79.40679889,Wheat,1
26.33818699,79.408255,Field Pea,3
26.33893847,79.40858658,Mustard,2
26.34232951,79.40890107,Wheat,1
26.34261315,79.4080944,Wheat,1
26.34502912,79.40972149,Wheat,1
26.34581781,79.41007454,Wheat,1
26.34732066,79.41080209,Mustard,2
26.35275233,79.41294853,Wheat,1
26.35187055,79.41442408,Mustard,2
26.35704154,79.4150269,Wheat,1
26.36247906,79.41561062,Settlements,7
26.36346229,79.40604284,Mustard,2
26.36392882,79.40562341,Wheat,1
26.36307086,79.40439831,Mustard,2
26.3644356,79.40174963,Mustard,2
26.36353469,79.39970646,Wheat,1
26.36379634,79.39805087,Wheat,1
26.36321145,79.39797442,Wheat,1
26.36414,79.39637952,Wheat,1
26.36564201,79.39716306,Wheat,1
26.36567626,79.39259391,Wheat,1
26.36737741,79.38895013,Settlements,7
26.36550923,79.38815352,Wheat,1
26.36561558,79.38740686,Wheat,1
26.36796258,79.38620221,Wheat,1
26.36525299,79.38514676,Wheat,1
26.36445302,79.38422475,Wheat,1
26.36681116,79.38363064,Wheat,1
26.36569308,79.38308448,Wheat,1
26.36592589,79.38188452,Mustard,2
26.36663032,79.38042205,Wheat,1
26.36479488,79.3805984,Wheat,1
26.36591538,79.37918354,Wheat,1
26.36463176,79.37791184,Wheat,1
26.36606858,79.37618818,Wheat,1
26.36522205,79.37559005,Gram,4
26.36535573,79.37488765,Field Pea,3
26.3675222,79.36704956,Settlements,7
26.36687485,79.36780863,Settlements,7
26.36375158,79.3691732,Wheat,1
26.36275183,79.36714344,Wheat,1
26.36472368,79.36279222,Wheat,1
26.36582045,79.36257664,Wheat,1
26.36492586,79.36045602,Wheat,1
26.366162,79.36049961,Mustard,2
26.366308,79.35963258,Wheat,1
26.36514064,79.35872499,Wheat,1
26.36649514,79.35829584,Wheat,1
26.3674477,79.35865659,Wheat,1
26.36457078,79.35634084,Wheat,1
26.36490182,79.3549129,Wheat,1
26.36353138,79.35482271,Field Pea,3
26.36476424,79.35107164,Settlements,7
26.36331299,79.34802365,Wheat,1
26.36442929,79.34748285,Field Pea,3
26.36454675,79.34595834,Wheat,1
26.3644374,79.34365097,Wheat,1
26.36334032,79.34324395,Wheat,1
26.36506734,79.34147302,Mustard,2
26.36302009,79.33868084,Wheat,1
26.36213449,79.33882032,Wheat,1
26.36133149,79.33884278,Wheat,1
26.36183107,79.334049,Wheat,1
26.3628831,79.33032107,Settlements,7
26.36191489,79.33118138,Settlements,7
26.36044347,79.33126051,Wheat,1
26.36336105,79.32730358,Wheat,1
26.36367798,79.32656664,Wheat,1
26.36424394,79.32579484,Wheat,1
26.36333191,79.32377446,Wheat,1
26.36320694,79.32285111,Wheat,1
26.36409524,79.32201963,Wheat,1
26.36309639,79.32134774,Wheat,1
26.36306455,79.31959324,Field Pea,3
26.36378883,79.31927774,Mustard,2
26.36299696,79.31757621,Wheat,1
26.36404057,79.3179192,Wheat,1
26.363845,79.31543514,Settlements,7
26.36338568,79.31440551,Water,11
26.36532659,79.31274623,Wheat,1
26.36485526,79.31189831,Mustard,2
26.36551885,79.3112633,Wheat,1
26.36531157,79.30994634,Wheat,1
26.36512022,79.30896766,Wheat,1
26.36349503,79.30840541,Wheat,1
26.36315768,79.30654261,Wheat,1
26.36472519,79.30406224,Settlements,7
26.36232705,79.30317912,Wheat,1
26.36185,79.30187088,Wheat,1
26.36305464,79.30057637,Wheat,1
26.36263737,79.2987451,Wheat,1
26.36159345,79.29876823,Wheat,1
26.36174155,79.29367539,Field Pea,3
26.36121403,79.29286435,Wheat,1
26.35933163,79.29364488,Wheat,1
26.3598826,79.29060191,Wheat,1
26.35895762,79.28879678,Field Pea,3
26.35760783,79.28520698,Settlements,7
26.35543066,79.28168893,Field Pea,3
26.35409345,79.28183813,Wheat,1
26.35544148,79.27969135,Wheat,1
26.3531498,79.27857555,Wheat,1
26.35352894,79.2761847,Wheat,1
26.35196789,79.27606937,Wheat,1
26.35259189,79.27428469,Wheat,1
26.35085207,79.27193809,Wheat,1
26.34997689,79.27363627,Wheat,1
26.34956078,79.2697883,Wheat,1
26.34855189,79.26851023,Wheat,1
26.3482217,79.26597454,Wheat,1
26.34616874,79.26145703,Wheat,1
26.34621861,79.26330641,Wheat,1
26.34342739,79.26189926,Mustard,2
26.34224599,79.26152475,Wheat,1
26.34224268,79.25905176,Wheat,1
26.33817557,79.25176252,Settlements,7
26.34208945,79.25135951,Settlements,7
26.34207352,79.25540999,Settlements,7
26.33255271,79.25642621,Wheat,1
26.33189194,79.2564651,Wheat,1
26.33060374,79.25539456,Wheat,1
26.32756333,79.25828163,Field Pea,3
26.32518636,79.25759666,Field Pea,3
26.32280003,79.25964586,Wheat,1
26.32259508,79.26127933,Wheat,1
26.32117335,79.26036537,Field Pea,3
26.315403,79.26171787,Wheat,1
26.31453747,79.26295638,Mustard,2
26.31456061,79.26169205,Field Pea,3
26.31071794,79.26660184,Wheat,1
26.30905472,79.26536601,Wheat,1
26.30710175,79.26818736,Field Pea,3
26.30665633,79.26686972,Field Pea,3
26.30023934,79.27593358,Field Pea,3
26.28853456,79.27418109,Wheat,1
26.28889949,79.27523151,Wheat,1
26.28679708,79.27598186,Wheat,1
26.28498442,79.2742753,Wheat,1
26.28293184,79.27600734,Wheat,1
26.28290148,79.27744299,Wheat,1
26.28161454,79.27679423,Mustard,2
26.28117022,79.27673589,Wheat,1
26.28062219,79.27686632,Wheat,1
26.27524697,79.27966386,Field Pea,3
26.2738902,79.28156152,Mustard,2
26.27276821,79.28249225,Field Pea,3
26.27457114,79.28373378,Mustard,2
26.27081192,79.28361174,Mustard,2
26.26867942,79.28525023,Wheat,1
26.26933093,79.28672645,Field Pea,3
26.26462747,79.28505208,Settlements,7
26.26568219,79.28743389,Wheat,1
26.26113823,79.29067433,Wheat,1
26.26200356,79.29179717,Wheat,1
26.25934231,79.29193765,Field Pea,3
26.25846944,79.29384202,Field Pea,3
26.25563341,79.29386146,Field Pea,3
26.2564633,79.29529645,Field Pea,3
26.25389694,79.29615878,Field Pea,3
26.24993528,79.2989191,Wheat,1
26.2506747,79.30086773,Barren Land,8
26.24959519,79.30129286,Field Pea,3
26.24504219,79.30258971,Wheat,1
26.24368476,79.30300679,Field Pea,3
26.24292665,79.30346645,Field Pea,3
26.24209577,79.30513579,Field Pea,3
26.23898748,79.30671629,Wheat,1
26.23678131,79.30630557,Field Pea,3
26.2287373,79.31241665,Field Pea,3
26.22640973,79.31335073,Field Pea,3
26.22463372,79.31322198,Wheat,1
26.22052248,79.31506734,Wheat,1
26.21967489,79.31689929,Mustard,2
26.21466382,79.3225316,Settlements,7
26.21667218,79.32716142,Mustard,2
26.21601526,79.33269683,Mustard,2
26.21438739,79.3343712,Field Pea,3
26.2124244,79.33510914,Mustard,2
26.21269271,79.33822889,Field Pea,3
26.21036182,79.34038706,Wheat,1
26.21131265,79.34149448,Wheat,1
26.21064908,79.34334252,Wheat,1
26.20894774,79.34815373,Field Pea,3
26.20847366,79.3495344,Field Pea,3
26.20538253,79.35236715,Wheat,1
26.12632098,79.34101,Mustard,2
26.12336132,79.34309609,Field Pea,3
26.12152685,79.34495721,Field Pea,3
26.12105965,79.34694842,Field Pea,3
26.11545127,79.34904087,Field Pea,3
26.11578422,79.35080644,Field Pea,3
26.11280202,79.3507548,Field Pea,3
26.1088181,79.35342629,Field Pea,3
26.10635236,79.3552589,Mustard,2
26.10263377,79.35682397,Field Pea,3
26.10124187,79.35857143,Wheat,1
26.09735812,79.36342455,Wheat,1
26.09219184,79.36634548,Field Pea,3
26.0899052,79.36610878,Field Pea,3
26.08158033,79.37113758,Field Pea,3
26.08321699,79.37267516,Wheat,1
26.07604505,79.37720809,Field Pea,3
26.07317868,79.37921371,Field Pea,3
26.07185479,79.37785316,Wheat,1
26.05847079,79.38908257,Field Pea,3
26.05258501,79.39350754,Settlements,7
26.04175453,79.40270651,Wheat,1
26.03008734,79.41326804,Settlements,7
26.00709029,79.44767509,Settlements,7
25.98955934,79.45077606,Settlements,7
25.98558479,79.43489838,Settlements,7
25.98486479,79.44020078,Settlements,7
25.98145188,79.44738172,Settlements,7
25.199692548905457,78.51804403671963,Open Forest,10
25.19474862196335,78.52931844939737,Open Forest,10
25.203369162684048,78.5293613647416,Open Forest,10
25.19149634502387,78.5210572456315,Open Forest,10
25.26041313589084,78.40145833974235,Open Forest,10
25.253778634437367,78.41282139080923,Open Forest,10
25.256748915582783,78.41704202107204,Open Forest,10
25.252568042963883,78.39716208078072,Open Forest,10
25.25437774078244,78.39482319451973,Open Forest,10
25.24964677779386,78.39383314447046,Open Forest,10
25.24349413775026,78.41597917513774,Open Forest,10
25.22805308318539,78.41758653502772,Open Forest,10
25.25659306251079,78.94265920999568,Open Forest,10
25.256459340897905,78.93568699786445,Open Forest,10
25.24855896732065,78.9442327395389,Open Forest,10
25.28406714352137,78.85344911749854,Open Forest,10
25.281302319004155,78.85026265318885,Open Forest,10
25.281517470283536,78.85752331020926,Open Forest,10
25.270424202943587,78.8476295496775,Open Forest,10
25.27378955261415,78.85814806326003,Open Forest,10
25.277941918182684,78.85248348004323,Open Forest,10
25.26523578999737,78.84863546888987,Open Forest,10
25.274436931781064,78.8387969304287,Open Forest,10
25.279470488225314,78.8464978596186,Open Forest,10
25.25713391816221,78.95492888005342,Open Forest,10
25.261811097940186,78.94872580985007,Open Forest,10
25.2569792436468,78.94760927675725,Open Forest,10
25.7750056864784,79.28768824595299,Open Forest,10
25.77703456493376,79.28614329356041,Open Forest,10
25.75789835879744,79.30532757769477,Open Forest,10
25.76137691624432,79.30766646395575,Open Forest,10
25.76996649012405,79.3478661712709,Open Forest,10
25.64954183331993,79.33612879799911,Open Forest,10
25.638051417827807,79.33917578744003,Open Forest,10
25.665186613448725,79.35500824749829,Open Forest,10
25.66046739763777,79.36326945126416,Open Forest,10
25.66575598998089,79.34954141495831,Open Forest,10
25.666904586378312,79.37171109672425,Open Forest,10
25.657956928661424,79.38347778491466,Open Forest,10
25.659475253297533,79.37730870418041,Open Forest,10
25.655254369121,79.35840357330216,Open Forest,10
25.6569002316474,79.34977415590019,Open Forest,10
25.650923400965656,79.34113744287225,Open Forest,10
25.64979183134972,79.34641603021355,Open Forest,10
25.64918252018845,79.34094432382317,Open Forest,10
25.66413373156848,79.36849535648824,Open Forest,10
25.635284871545604,79.3537613634392,Open Forest,10
25.629635848062247,79.3589112047478,Open Forest,10
25.633330958723093,79.34457747977221,Open Forest,10
25.6312226868271,79.33761380679724,Open Forest,10
25.62506676794284,79.34827456180612,Open Forest,10
25.62171478854415,79.35087578353757,Open Forest,10
25.62278828759325,79.33024383062185,Open Forest,10
25.61607450343174,79.32369924062552,Open Forest,10
25.61626798952245,79.33528638356985,Open Forest,10
25.625262336833263,79.3382095662006,Open Forest,10
25.62284337342989,79.34002569757193,Open Forest,10
25.614696728801235,79.35789512179339,Open Forest,10
25.607692240647573,79.36386035464251,Open Forest,10
25.608040539811373,79.34791730425799,Open Forest,10
25.61057535315708,79.34216664813006,Open Forest,10
25.610169012650715,79.35583518526995,Open Forest,10
25.61151339291508,79.3222508193332,Open Forest,10
25.60702425636146,79.32993266595186,Open Forest,10
25.60694685597697,79.31821677697481,Open Forest,10
25.60226563308949,79.35397030207712,Open Forest,10
25.60234303650451,79.34191109034616,Open Forest,10
25.601065873749384,79.33294178340037,Open Forest,10
25.597195600286632,79.34019447657663,Open Forest,10
25.60400719780811,79.35924888941844,Open Forest,10
25.59367661683073,79.34485636522818,Open Forest,10
25.58783209463088,79.33685265352774,Open Forest,10
25.59348309417637,79.33271132280875,Open Forest,10
25.58043894567693,79.34511385729363,Open Forest,10
25.5775357518365,79.33644495775748,Open Forest,10
25.58047765445242,79.36532698442984,Open Forest,10
25.58041959128447,79.37054656317282,Open Forest,10
25.57725510603292,79.36777852346945,Open Forest,10
25.567577262047248,79.37035344412377,Open Forest,10
25.551671092186734,79.37659858130087,Open Forest,10
25.554129665087373,79.36353085898031,Open Forest,10
25.544914596683792,79.39380763434042,Open Forest,10
25.54774114257171,79.3864932503568,Open Forest,10
25.49840617650341,79.3584306385385,Open Forest,10
25.498178734220176,79.3536049572146,Open Forest,10
25.28526493704521,79.24958400807249,Open Forest,10
25.27366824191132,79.25301692441754,Open Forest,10
25.280808600495767,79.22929546788981,Open Forest,10
25.26670695800168,79.22447822049907,Open Forest,10
25.40816818952623,79.32006456452633,Open Forest,10
25.40712127860149,79.32972496053065,Open Forest,10
25.43355383178772,79.32096277086924,Open Forest,10
25.423825643381413,79.32463203280162,Open Forest,10
25.45288357215392,79.33645432989942,Open Forest,10
25.454288249217683,79.3312079290663,Open Forest,10
25.472424507357648,79.34999418153514,Open Forest,10
25.471778243810764,79.351589905528,Open Forest,10
25.482517805194693,79.3548906647121,Open Forest,10
25.481423384092047,79.34969790805927,Open Forest,10
25.74034580714785,79.03848627543596,Open Forest,10
25.74427737079491,79.02747748879396,Open Forest,10
25.7491116430406,79.03006313828432,Open Forest,10
25.75081709207993,79.03866733738991,Open Forest,10
25.74729390535744,79.0457289676194,Open Forest,10
25.7494174234312,79.06538780711136,Open Forest,10
25.752055527217763,79.06830068610154,Open Forest,10
25.75472490021041,79.06379355997962,Open Forest,10
25.774539112941945,79.06383359300543,Open Forest,10
25.771034371441857,79.069696901912,Open Forest,10
25.780934818185308,79.07545024024893,Open Forest,10
25.783180962155686,79.0828102217858,Open Forest,10
25.92583588375931,78.94408427114462,Open Forest,10
25.92045772475125,78.93462905244486,Open Forest,10
25.92887165381948,78.92323735246922,Open Forest,10
25.925740691157987,78.91642960862336,Open Forest,10
25.927019190180644,78.92182621316132,Open Forest,10
25.93823065171063,78.92901467959315,Open Forest,10
25.942400611714472,78.9488856510496,Open Forest,10
25.94235478495367,78.95298943084238,Open Forest,10
25.93767213522143,78.9438241003521,Open Forest,10
25.68015364720308,79.01860188139028,Open Forest,10
25.67728671903129,79.01641319883413,Open Forest,10
25.69012401733424,79.01797371311991,Open Forest,10
25.661942396990145,79.00961594982951,Open Forest,10
25.648233680860827,78.96410528668186,Open Forest,10
25.64874144441554,78.9663797999265,Open Forest,10
25.646853724955488,78.96032274849865,Open Forest,10
25.644576000889057,78.9578282389447,Open Forest,10
25.64509345196931,78.95904059741943,Open Forest,10
25.643652320954168,78.95863290164917,Open Forest,10
25.65679271783752,78.97452704915139,Open Forest,10
25.629560114287944,78.94186209694132,Open Forest,10
25.63283445448584,78.94369404569849,Open Forest,10
25.631847722678625,78.94210958018162,Open Forest,10
25.627886549131848,78.93909477724888,Open Forest,10
25.629743819022508,78.93799507155278,Open Forest,10
25.609988710501355,78.92206869561724,Open Forest,10
25.60877832998096,78.91461954148842,Open Forest,10
25.60650954370638,78.9162691000326,Open Forest,10
25.60466158788726,78.91314432653023,Open Forest,10
25.60201963369316,78.90858134136836,Open Forest,10
25.14604030576436,78.44348079311007,Settlements,7
25.15250631569766,78.45661943671507,Settlements,7
25.16116905922071,78.4673506552172,Settlements,7
25.161537714612376,78.47563127993028,Settlements,7
25.161537714612376,78.47563127993028,Settlements,7
25.270569527104566,78.49556458438549,Settlements,7
25.235649264039,78.47277857625066,Settlements,7
25.25553384589256,78.54162777451984,Settlements,7
25.23799348367541,78.55503892346043,Settlements,7
25.21881488473161,78.54111991249488,Settlements,7
25.25776580804917,78.45906890038022,Settlements,7
25.36874451500093,78.53849987970871,Settlements,7
25.24530035369307,79.13110192383195,Settlements,7
25.248513587690663,79.20599856704675,Settlements,7
25.24718097316274,79.29819421099751,Settlements,7
25.254813897206617,79.26907342248717,Settlements,7
25.15371596934019,79.2880677953955,Settlements,7
25.128453507720547,79.21752625583181,Settlements,7
25.25353380073832,79.05826220046208,Settlements,7
25.24990469677196,79.06037781136894,Settlements,7
25.29997381616605,79.00622355529171,Settlements,7
25.35260488353824,79.05442508694675,Settlements,7
25.35462126732812,79.02007062455006,Settlements,7
25.406504346697822,79.16740419359917,Settlements,7
25.41827794190351,79.22825219926813,Settlements,7
25.46014494974712,78.54717159796398,Settlements,7
25.471418537826988,78.54977784385153,Settlements,7
25.42974731798861,78.39422359818131,Settlements,7
25.377199286580897,78.40116164879294,Settlements,7
25.40054024569614,78.37462021891264,Settlements,7
25.37458121584653,78.33893476029927,Settlements,7
25.433254505100773,78.35928319458937,Settlements,7
25.824637983059663,79.04286119724274,Settlements,7
25.74525290810506,79.12052387182646,Settlements,7
25.728799205609743,79.08278219269197,Settlements,7
25.653812810217108,79.21224529579678,Settlements,7
25.57895487058193,79.29309678418782,Settlements,7
25.60960877779341,79.23248792189085,Settlements,7
25.60338602195071,79.22121588801939,Settlements,7
25.61216341863589,79.18653662338386,Settlements,7
25.6204645632422,79.17736812380495,Settlements,7
25.624096759521827,79.1890657023135,Settlements,7
25.6079045464814,79.10926639404505,Settlements,7
25.617654324397847,79.10011712993229,Settlements,7
25.6170156432668,79.02317943131136,Settlements,7
25.615685673087903,79.00674475810243,Settlements,7
25.594114875700104,78.94974962836744,Settlements,7
25.567707243653288,78.87196122555805,Settlements,7
25.505724481021623,78.96974957252496,Settlements,7
25.52853848368429,78.9775414052428,Settlements,7
25.53118490863067,78.99269861645155,Settlements,7
25.535407554167527,78.99621800717948,Settlements,7
25.529931488799622,79.09360292999567,Settlements,7
25.57640676618865,79.09821693283678,Settlements,7
25.58761159648564,79.06324701730753,Settlements,7
25.611795723162647,79.06874790237848,Settlements,7
25.60955961482099,79.14077681511843,Settlements,7
25.599240054571148,79.18025402463687,Settlements,7
25.49090321940196,79.23173670092645,Settlements,7
25.460302061732094,79.2197496445812,Settlements,7
25.53737421854674,79.32214619351292,Settlements,7
25.456786193843136,79.11519632197903,Settlements,7
25.506025321577383,79.13742116021943,Settlements,7
25.560375859246587,79.18993712158002,Settlements,7
25.76049306645005,79.33102751639193,Settlements,7
25.77547952880158,79.34422910653747,Settlements,7
25.75437156211204,79.19044261933607,Settlements,7
25.737324722231843,79.19111167440873,Settlements,7
25.74683917278323,79.16838872950017,Settlements,7
25.745084291844904,79.15957758670434,Settlements,7
25.574972343051908,78.81193853610687,Settlements,7
25.52921174791242,78.83054974104793,Settlements,7
25.50768972031951,78.80863125869438,Settlements,7
25.475253619244967,78.71266187666363,Settlements,7
25.467703441692706,78.65345448726138,Settlements,7
25.46768379435566,78.61012829324339,Settlements,7
25.861884501120446,78.94287258118628,Settlements,7
25.84126881944149,78.90278593105135,Settlements,7
25.78967718232789,78.94425167460022,Settlements,7
25.860646005898914,78.99838054227187,Settlements,7
25.739818505564205,78.85255856461286,Settlements,7
25.7445881635956,79.00818515416692,Settlements,7
25.69119552047167,78.96655795133627,Settlements,7
25.68765590309835,78.90851371600641,Settlements,7
25.715983601364368,78.86669663667618,Settlements,7
25.73265575391494,78.8684430837557,Settlements,7
25.743203692766585,78.8957424267862,Settlements,7
25.73509979297084,78.95793940014237,Settlements,7
25.758984615688448,78.93547713439624,Settlements,7
25.760664754161937,78.98566493677406,Settlements,7
25.75693844989832,79.00921666939176,Settlements,7
25.80524685341903,78.88771870022879,Settlements,7
25.78846198110315,78.88224334417244,Settlements,7
25.78986350259009,78.8096819446523,Settlements,7
25.73349613807165,78.79068408980002,Settlements,7
25.717325539370155,78.78129580954094,Settlements,7
25.74889793509706,78.77312681423734,Settlements,7
25.76135932697044,78.80869840754882,Settlements,7
25.766669935837413,78.83800878755946,Settlements,7
25.72375825331808,79.05805795778463,Settlements,7
25.388555608272828,78.45725278284799,Water,11
25.437241682967787,78.44695310023079,Water,11
25.42553575337261,78.50342675352765,Water,11
25.43228062370564,78.51878770962588,Water,11
25.37872182399379,78.44340332583279,Water,11
25.473397127876964,78.52309292937846,Water,11
25.49067541256541,78.53339261199565,Water,11
25.529652425953586,78.52001885883598,Water,11
25.51507461070276,78.6607318432893,Water,11
25.51042693322975,78.77917819338695,Water,11
25.45495077158167,78.72973971682445,Water,11
25.488735393204472,78.62021975832836,Water,11
25.46071433647141,78.59202776100042,Water,11
25.45397916239249,78.67082245263003,Water,11
25.457137212182484,78.6752641907587,Water,11
25.4648636841433,78.6723606812667,Water,11
25.50367994771892,78.66107384731912,Water,11
25.555027998728715,78.88514405642727,Water,11
25.56071926197967,78.91707307254055,Water,11
25.604229258671783,78.91648629857322,Water,11
25.636331257106832,78.9537710891168,Water,11
25.70162625916744,79.01792680401404,Water,11
25.41998629089907,79.01231107100188,Water,11
25.41506435061561,79.03690135269923,Water,11
25.382349891000818,79.1439814129735,Water,11
25.39012937328117,79.16332195941443,Water,11
25.40098112966367,79.1686649197721,Water,11
25.78737252297694,79.21034205075293,Water,11
25.79888486124417,79.18773077592847,Water,11
25.8099586008975,79.15266148788889,Water,11
25.514430879977777,79.14467838436798,Water,11
25.530851320533884,79.12879970699981,Water,11
25.56243692753311,79.1919149544929,Water,11
25.23777421050472,78.92053579650495,Water,11
25.240617682226667,78.93113754431184,Water,11
25.261017266913328,78.96073698421759,Water,11
25.20966300654021,79.08449432370529,Water,11
25.20321324129585,79.10621018329897,Water,11
25.163225280938768,79.20190476234323,Water,11
25.164649259019413,79.27336234115462,Water,11
25.20566845557243,79.28059540945054,Water,11
25.29768400225948,79.2669538001267,Water,11
25.458762623871817,78.56679517354316,Water,11
25.371660054950773,78.75507968474496,Water,11
25.42174831363197,78.74838489104378,Water,11
25.440029020341843,78.82929718122506,Water,11
25.443264354346564,78.81756489482123,Water,11
25.47155563251211,78.84759206840425,Water,11
25.520310487322018,78.81199511144676,Water,11
25.52091077302073,78.82184418294945,Water,11
25.52546411653923,78.83016584048134,Water,11
25.49726971845902,78.74159760084659,Water,11
25.493703531162584,78.80070635066552,Water,11
25.49635697186169,78.80434342608972,Water,11
25.541700766387265,78.71715636211395,Water,11
25.55886091085125,78.67336835721423,Water,11
25.58518346031944,78.678773406752,Water,11
25.55955651982534,78.65671491981352,Water,11
25.583672316821872,78.74765874031503,Water,11
25.612579343476835,78.7852359524749,Water,11
25.18774783764877,78.51525706560629,Water,11
25.18734050698464,78.43493892894683,Water,11
25.235695886846745,78.46323387771159,Water,11
25.246968704605703,78.47348772822271,Water,11
25.36384404243176,78.34707259743378,Water,11
25.4887940315502,78.442463036051,Water,11
25.4752504998398,78.4470691526218,Water,11
25.51178285721324,78.41654488520405,Water,11
25.506082064463502,78.41920563654682,Water,11
25.562105496565824,78.48935533243616,Water,11
25.548096202350195,78.48824012079629,Water,11
25.558473476995808,78.5221131009091,Water,11
25.509210060006808,78.47460138222046,Water,11
25.546563494096205,78.48052008120477,Water,11
25.539842656346217,78.42053731650714,Water,11
25.52239475407686,78.42015745247662,Water,11
25.56031988046756,78.43849035803845,Water,11
25.56141377515044,78.54911362683522,Water,11
25.557357137288083,78.57174999766899,Water,11
25.56945656584337,78.59751895376448,Water,11
25.40752433483221,78.6864554030619,Water,11
25.36453470098211,79.03962514858375,Water,11
25.31339278568169,79.08938227253277,Water,11
25.249101346981632,79.15921947840798,Water,11
25.24960647717689,79.12366588182392,Water,11
25.642405237143027,79.09511695790475,Water,11
25.65904764637145,79.1168511445348,Water,11
25.672872351190705,79.13932744904602,Water,11
25.61630693085628,79.1744908336738,Water,11
25.61364650911454,79.18938173860292,Water,11
25.626540131552204,79.18841646790675,Water,11
25.62609481469423,79.23548060934658,Water,11
25.640282414212777,79.26552762861385,Water,11
25.596765742108254,79.26325988167463,Water,11
25.584185487579408,79.23360320623505,Water,11
25.572862987820727,79.2387101321994,Water,11
25.568159146889727,79.30380035585893,Water,11
25.53476850524769,79.25717054254356,Water,11
25.880825025101345,78.96703835123549,Water,11
25.92076062958733,78.98936714503625,Water,11
25.335658689821503,78.38464336214255,Barren Land,8
25.376301256547592,78.3624990445156,Barren Land,8
25.3034609037841,78.41950686542518,Barren Land,8
25.353515952965484,78.45959538210151,Barren Land,8
25.389120775160745,78.42037894316056,Barren Land,8
25.416683409752423,78.46895911283829,Barren Land,8
25.43144963979664,78.46241471191368,Barren Land,8
25.43032568633608,78.40915676971397,Barren Land,8
25.21690614405217,78.4140210358043,Barren Land,8
25.283573046701672,78.43043460563307,Barren Land,8
25.519319810551863,78.46630260029987,Barren Land,8
25.56120524433585,78.49353364050906,Barren Land,8
25.49689092618422,78.47260898520152,Barren Land,8
25.486103198632108,78.45905016453166,Barren Land,8
25.48902072010263,78.44501654163845,Barren Land,8
25.481503233425062,78.4465632853777,Barren Land,8
25.474103528093075,78.45991262720158,Barren Land,8
25.4767199054789,78.45037138190219,Barren Land,8
25.43510375207879,78.3378716175457,Barren Land,8
25.44874155665928,78.50287884021569,Barren Land,8
25.44558355967733,78.49459813768922,Barren Land,8
25.45620753011751,78.67011647550899,Barren Land,8
25.30244667195572,78.9624173054571,Barren Land,8
25.32296588076411,79.08252465799634,Barren Land,8
25.322878599499,79.0900455720741,Barren Land,8
25.24367773956763,79.18538879867111,Barren Land,8
25.20722531079068,79.12732356745062,Barren Land,8
25.206739951574672,79.10996431070623,Barren Land,8
25.266978887622955,79.28919220623742,Barren Land,8
25.27980681271909,79.27347802919118,Barren Land,8
25.24995676352865,79.31243510868867,Barren Land,8
25.241336513782755,79.30681062049601,Barren Land,8
25.21352127231524,79.33442868560113,Barren Land,8
25.71355467482641,79.35337531969208,Barren Land,8
25.69689918264084,79.31052632840161,Barren Land,8
25.686001073166565,79.29392923950365,Barren Land,8
25.77697553778357,79.19830337765126,Barren Land,8
25.787853487766338,79.21646727417668,Barren Land,8
25.78998098464553,79.24326328951179,Barren Land,8
25.80240567314444,79.2708567474717,Barren Land,8
25.794175769101905,79.2659214828843,Barren Land,8
25.816936102071,79.29183856459434,Barren Land,8
25.78375232434244,79.26555275564927,Barren Land,8
25.77713488607693,79.25222827828732,Barren Land,8
25.76503555108357,79.23571253881649,Barren Land,8
25.76954481505816,79.26849924490357,Barren Land,8
25.772124501822244,79.27356325552368,Barren Land,8
25.771290256247813,79.29437235916518,Barren Land,8
25.78638544138138,79.29353776576316,Barren Land,8
25.78128459730788,79.30463138224876,Barren Land,8
25.773925177226435,79.31137353500392,Barren Land,8
25.76859191128268,79.32330400070217,Barren Land,8
25.785054699221952,79.34175759872463,Barren Land,8
25.78853246069817,79.3539455564883,Barren Land,8
25.7692102732406,79.36158448776271,Barren Land,8
25.75341836774716,79.27474977124233,Barren Land,8
25.751852326887786,79.25624722191449,Barren Land,8
25.77163929164116,79.1923184713581,Barren Land,8
25.672416074940987,79.00867212808092,Barren Land,8
25.6580049579432,78.97869318174766,Barren Land,8
25.63192987635077,78.94935146353957,Barren Land,8
25.62402848006489,79.02771597495781,Barren Land,8
25.608356109550108,79.01612883201348,Barren Land,8
25.640573863066344,79.04515844796052,Barren Land,8
25.586305591024445,79.22759646016358,Barren Land,8
25.55316924022093,79.18660490084375,Barren Land,8
25.53435101122593,79.1607698636123,Barren Land,8
25.526845855797223,79.1600697963007,Barren Land,8
25.57166759477089,79.09650417518642,Barren Land,8
25.51880426684601,79.04691736215938,Barren Land,8
25.53976564065972,78.98033447885388,Barren Land,8
25.540733684903834,78.9864070000636,Barren Land,8
25.53622253208104,78.97975512170666,Barren Land,8
25.53622253208104,78.9925868096339,Barren Land,8
25.53185485881736,78.96738724153946,Barren Land,8
25.53630599111024,78.96043110815312,Barren Land,8
25.53052750211912,78.85919912940328,Barren Land,8
25.52529200454486,78.80414065226063,Barren Land,8
25.525640784752763,78.82656812556624,Barren Land,8
25.53945821570733,78.68427409453463,Barren Land,8
25.52979668122128,78.67436065001559,Barren Land,8
25.36304986459888,78.50304486416951,Barren Land,8
25.280028952909102,78.83210258946933,Barren Land,8
25.25276188431013,78.87759976802779,Barren Land,8
25.266061805297007,78.91332820465948,Barren Land,8
25.25537586977546,78.9236186906689,Barren Land,8
25.23751807026071,78.90620441428244,Barren Land,8
25.23457780902588,78.92641754141867,Barren Land,8
25.237843004396627,78.95512916114332,Barren Land,8
25.22275498230801,78.96024923891476,Barren Land,8
25.22106613943936,78.94100170702389,Barren Land,8
25.20724392364359,78.9156816539233,Barren Land,8
25.19055535992278,78.87347382520107,Barren Land,8
25.18200352250047,78.89770608516349,Barren Land,8
25.167736266677924,78.87362515846739,Barren Land,8
25.43680964987144,79.20615249323079,Barren Land,8
25.44565466170459,79.21909880297883,Barren Land,8
25.438746217497016,79.22691270630649,Barren Land,8
25.4405033407415,78.97121301347778,Barren Land,8
25.42002739463501,78.98696518431514,Barren Land,8
25.414066211833024,78.98982194574954,Barren Land,8
25.42290816299836,79.08844507289344,Barren Land,8
